ts,event_id,session_id,user_id,item_name,product_id,ds
1759492649000,2bab6b2,f08156a,user_10,purchase,datacloud,2025-10-03
1760746696000,c678d51,fa7ca22,user_5,watch_now,slack,2025-10-18
1760577349000,0bd0918,2141425,user_2,details_page,datacloud,2025-10-16
1761782616000,24fc95a,2141425,user_3,watch_now,manufacturingcloud,2025-10-30
1761594543000,78f4e79,fa7ca22,user_8,watch_now,manufacturingcloud,2025-10-27
1760416932000,f1cff0d,2141425,user_10,view_details,marketingcloud,2025-10-14
1761669046000,8ae926f,7386ea4,user_3,view_details,healthcloud,2025-10-28
1760191042000,02cccbe,7386ea4,user_10,view_details,healthcloud,2025-10-11
1760167671000,93753c0,2141425,user_4,watch_now,slack,2025-10-11
1759944002000,bd52949,f08156a,user_7,view_details,manufacturingcloud,2025-10-08
1760344569000,4c11f8f,5a17c0a,user_4,view_details,healthcloud,2025-10-13
1759484163000,8766e15,a98e290,user_6,checkout,healthcloud,2025-10-03
1759965108000,ac3d8a5,2fcec77,user_1,watch_now,tableau,2025-10-08
1760569343000,6542572,dc66929,user_7,view_details,healthcloud,2025-10-15
1759592907000,bb22395,fa7ca22,user_6,checkout,salescloud,2025-10-04
1761049075000,19a78fd,a98e290,user_9,view_details,tableau,2025-10-21
1761111125000,eb62b35,4a0dd10,user_10,view_details,datacloud,2025-10-22
1761727477000,8b97ae7,4a0dd10,user_8,purchase,tableau,2025-10-29
1759609131000,b336835,2141425,user_7,checkout,datacloud,2025-10-04
1760816577000,41d2560,7386ea4,user_5,details_page,slack,2025-10-18
1760143126000,45e8eef,ec64d4b,user_4,purchase,mulesoft,2025-10-11
1759284362000,b28949f,dc66929,user_3,details_page,marketingcloud,2025-10-01
1759563321000,a749b55,7386ea4,user_3,checkout,servicecloud,2025-10-04
1759767256000,b094eaf,7386ea4,user_1,purchase,datacloud,2025-10-06
1761334105000,2f65936,7386ea4,user_5,watch_now,slack,2025-10-24
1759782091000,c0b09e2,a98e290,user_4,view_details,datacloud,2025-10-06
1761431706000,523a78e,2141425,user_4,purchase,mulesoft,2025-10-25
1759720274000,db85682,4a0dd10,user_8,watch_now,datacloud,2025-10-06
1760392970000,96d4386,7386ea4,user_8,watch_now,healthcloud,2025-10-13
1760008344000,a07489e,f08156a,user_7,purchase,datacloud,2025-10-09
1760777378000,71a30dd,fa7ca22,user_3,details_page,servicecloud,2025-10-18
1759594960000,f976497,a98e290,user_5,details_page,tableau,2025-10-04
1759293688000,7239a27,5a17c0a,user_2,checkout,healthcloud,2025-10-01
1760278414000,35fa63a,5a17c0a,user_9,view_details,servicecloud,2025-10-12
1761079135000,ddc84d9,2141425,user_8,details_page,tableau,2025-10-21
1761354658000,fa0d52a,5a17c0a,user_3,purchase,slack,2025-10-25
1761242492000,f13a206,f08156a,user_5,checkout,mulesoft,2025-10-23
1761867025000,aaa5d8f,5a17c0a,user_9,checkout,servicecloud,2025-10-30
1759950455000,cf0859b,2141425,user_5,details_page,healthcloud,2025-10-08
1761733321000,fb78c6a,ec64d4b,user_2,checkout,slack,2025-10-29
1760294555000,c1f91d6,7386ea4,user_4,checkout,salescloud,2025-10-12
1759425123000,490660f,2fcec77,user_5,purchase,manufacturingcloud,2025-10-02
1759699192000,cf6b778,4a0dd10,user_5,view_details,mulesoft,2025-10-05
1759431561000,f11f2ee,2141425,user_8,view_details,healthcloud,2025-10-02
1761549857000,d7c00a0,dc66929,user_5,watch_now,tableau,2025-10-27
1761281325000,7f3dbd9,fa7ca22,user_2,checkout,salescloud,2025-10-24
1761061223000,77b2b46,fa7ca22,user_1,watch_now,slack,2025-10-21
1759748130000,cac13e6,a98e290,user_10,watch_now,mulesoft,2025-10-06
1760185164000,4c5f9ac,4a0dd10,user_6,purchase,slack,2025-10-11
1760993307000,6366658,dc66929,user_2,view_details,tableau,2025-10-20
1760056842000,bc81476,7386ea4,user_10,details_page,mulesoft,2025-10-10
1761852915000,1af9afe,fa7ca22,user_10,view_details,datacloud,2025-10-30
1759917892000,5b0e659,fa7ca22,user_5,view_details,healthcloud,2025-10-08
1759704819000,9dbfd4b,7386ea4,user_2,checkout,datacloud,2025-10-05
1760029942000,b033373,2fcec77,user_6,checkout,servicecloud,2025-10-09
1759979210000,7177fc6,ec64d4b,user_10,view_details,mulesoft,2025-10-09
1760198923000,36e5330,2141425,user_2,watch_now,healthcloud,2025-10-11
1760825676000,ab8ff96,7386ea4,user_4,checkout,healthcloud,2025-10-18
1761747236000,013e073,2fcec77,user_5,watch_now,manufacturingcloud,2025-10-29
1761273515000,c7c10bf,2141425,user_1,watch_now,manufacturingcloud,2025-10-24
1761805646000,f4b4e85,f08156a,user_2,view_details,slack,2025-10-30
1759507171000,4a9ff5e,dc66929,user_8,view_details,tableau,2025-10-03
1761594862000,84a0ec5,f08156a,user_7,watch_now,servicecloud,2025-10-27
1761663646000,63dd55e,a98e290,user_1,view_details,tableau,2025-10-28
1760322881000,9e9727f,ec64d4b,user_7,view_details,manufacturingcloud,2025-10-13
1759568173000,7b2f2e1,a98e290,user_3,purchase,healthcloud,2025-10-04
1760732002000,f736444,5a17c0a,user_2,checkout,servicecloud,2025-10-17
1760120070000,f4877b3,4a0dd10,user_4,view_details,servicecloud,2025-10-10
1761406422000,0863c36,fa7ca22,user_2,details_page,marketingcloud,2025-10-25
1760927978000,585e837,7386ea4,user_3,watch_now,slack,2025-10-20
1761805589000,60f9f6f,4a0dd10,user_7,watch_now,tableau,2025-10-30
1760207760000,e2b9701,2141425,user_9,checkout,healthcloud,2025-10-11
1761136179000,c9c8b55,ec64d4b,user_2,view_details,healthcloud,2025-10-22
1759458598000,6770e03,2141425,user_9,watch_now,servicecloud,2025-10-03
1760590522000,85b5ecb,ec64d4b,user_10,watch_now,tableau,2025-10-16
1760659404000,af02012,2fcec77,user_3,purchase,slack,2025-10-17
1759515089000,e39621e,2fcec77,user_1,checkout,healthcloud,2025-10-03
1760510471000,2f12aa0,fa7ca22,user_9,purchase,datacloud,2025-10-15
1759675244000,d596df1,dc66929,user_2,watch_now,datacloud,2025-10-05
1760344427000,66988c5,5a17c0a,user_4,watch_now,slack,2025-10-13
1759548223000,55e552b,dc66929,user_10,view_details,healthcloud,2025-10-04
1761714727000,276a2c2,f08156a,user_4,purchase,manufacturingcloud,2025-10-29
1760367285000,d1b4248,ec64d4b,user_9,purchase,manufacturingcloud,2025-10-13
1761683590000,abb3a6b,a98e290,user_3,details_page,healthcloud,2025-10-28
1760147436000,bead2ed,a98e290,user_3,details_page,marketingcloud,2025-10-11
1759811439000,38f3d41,2141425,user_7,purchase,manufacturingcloud,2025-10-07
1760877415000,db2ebbf,2fcec77,user_10,view_details,slack,2025-10-19
1759310545000,b54182e,2fcec77,user_8,watch_now,marketingcloud,2025-10-01
1761540749000,b2f8754,5a17c0a,user_5,purchase,servicecloud,2025-10-27
1760624538000,5df6282,7386ea4,user_6,view_details,datacloud,2025-10-16
1759849299000,598b65c,a98e290,user_10,checkout,healthcloud,2025-10-07
1761641434000,242ea58,5a17c0a,user_7,purchase,healthcloud,2025-10-28
1760450711000,d3d9cf5,5a17c0a,user_7,watch_now,marketingcloud,2025-10-14
1760644038000,c67cd9c,4a0dd10,user_1,view_details,healthcloud,2025-10-16
1760947169000,81d8808,dc66929,user_10,purchase,datacloud,2025-10-20
1760111345000,6c39a4d,2141425,user_6,view_details,manufacturingcloud,2025-10-10
1761224327000,3de86c0,2141425,user_2,checkout,salescloud,2025-10-23
1759714728000,1e22a67,2fcec77,user_6,view_details,mulesoft,2025-10-06
1761292583000,2bfd289,5a17c0a,user_10,view_details,healthcloud,2025-10-24
1759931427000,1c15436,5a17c0a,user_6,checkout,manufacturingcloud,2025-10-08
1760199625000,2e200ce,2141425,user_8,view_details,slack,2025-10-11
1761200760000,1256251,f08156a,user_7,purchase,salescloud,2025-10-23
1761674922000,d2b0202,dc66929,user_4,purchase,tableau,2025-10-28
1759499548000,8e3ffc2,f08156a,user_10,view_details,slack,2025-10-03
1761475659000,1f233a4,dc66929,user_1,details_page,manufacturingcloud,2025-10-26
1761439036000,b5ef547,f08156a,user_10,checkout,mulesoft,2025-10-26
1761030469000,2b38676,fa7ca22,user_10,checkout,healthcloud,2025-10-21
1759677568000,2226b26,dc66929,user_8,details_page,slack,2025-10-05
1759673798000,fdf1a5c,f08156a,user_8,purchase,datacloud,2025-10-05
1759467633000,17c7869,dc66929,user_10,details_page,salescloud,2025-10-03
1760796526000,d03628b,2141425,user_9,checkout,healthcloud,2025-10-18
1761098846000,21ca576,fa7ca22,user_2,watch_now,tableau,2025-10-22
1761386801000,6f5d8c2,2fcec77,user_4,details_page,slack,2025-10-25
1761129829000,95d89bd,f08156a,user_6,watch_now,tableau,2025-10-22
1759896886000,918d9b2,dc66929,user_5,watch_now,manufacturingcloud,2025-10-08
1760319918000,3a75f18,fa7ca22,user_7,watch_now,tableau,2025-10-13
1760689692000,526261e,dc66929,user_7,watch_now,healthcloud,2025-10-17
1759766633000,65e2e48,2fcec77,user_10,purchase,salescloud,2025-10-06
1759835983000,9ffc400,4a0dd10,user_10,watch_now,datacloud,2025-10-07
1759858366000,8b90280,f08156a,user_9,watch_now,healthcloud,2025-10-07
1760646978000,a2a494a,2fcec77,user_9,checkout,mulesoft,2025-10-16
1761394077000,cfc0652,a98e290,user_8,checkout,marketingcloud,2025-10-25
1759443608000,2bd498c,a98e290,user_6,checkout,datacloud,2025-10-02
1761022541000,59b06f5,7386ea4,user_8,details_page,manufacturingcloud,2025-10-21
1760099929000,29b7be5,5a17c0a,user_7,view_details,servicecloud,2025-10-10
1760711336000,95c70ce,4a0dd10,user_2,view_details,mulesoft,2025-10-17
1761341516000,7b29b46,f08156a,user_9,purchase,mulesoft,2025-10-24
1760761704000,49db9e9,ec64d4b,user_6,checkout,manufacturingcloud,2025-10-18
1760747780000,e38f720,7386ea4,user_3,watch_now,healthcloud,2025-10-18
1760990224000,2a6b682,dc66929,user_6,purchase,manufacturingcloud,2025-10-20
1760998880000,80c3a98,f08156a,user_3,view_details,salescloud,2025-10-20
1761161207000,453c1ad,7386ea4,user_7,view_details,tableau,2025-10-22
1759465673000,875b189,7386ea4,user_8,purchase,tableau,2025-10-03
1759798866000,5dd4d31,a98e290,user_5,details_page,slack,2025-10-07
1759624557000,a7133ee,ec64d4b,user_4,view_details,servicecloud,2025-10-05
1759845374000,ee2f7ff,5a17c0a,user_9,view_details,manufacturingcloud,2025-10-07
1761671333000,88e9866,4a0dd10,user_3,watch_now,healthcloud,2025-10-28
1760736458000,89f5027,5a17c0a,user_5,watch_now,tableau,2025-10-17
1760528374000,39e2586,5a17c0a,user_1,checkout,salescloud,2025-10-15
1760136984000,5ebf522,5a17c0a,user_5,details_page,healthcloud,2025-10-10
1761131834000,5bcdb4b,ec64d4b,user_8,watch_now,datacloud,2025-10-22
1760454467000,b92731f,ec64d4b,user_1,view_details,datacloud,2025-10-14
1761301794000,90497ab,7386ea4,user_7,checkout,mulesoft,2025-10-24
1760855367000,716d9f5,f08156a,user_7,checkout,slack,2025-10-19
1759840923000,bc7b735,fa7ca22,user_5,purchase,slack,2025-10-07
1761195267000,278402e,4a0dd10,user_6,view_details,datacloud,2025-10-23
1759791238000,8a38933,dc66929,user_8,watch_now,healthcloud,2025-10-06
1759474462000,63f6b72,7386ea4,user_10,details_page,healthcloud,2025-10-03
1761778266000,a31f7ec,2fcec77,user_8,details_page,slack,2025-10-29
1759552582000,9ab05a0,5a17c0a,user_4,watch_now,mulesoft,2025-10-04
1761323647000,4845140,ec64d4b,user_7,purchase,mulesoft,2025-10-24
1759950169000,1ad5cf0,dc66929,user_3,view_details,healthcloud,2025-10-08
1760853364000,6ccb69c,2fcec77,user_9,view_details,tableau,2025-10-19
1759444731000,ba73c35,4a0dd10,user_9,checkout,servicecloud,2025-10-02
1760472957000,0cfe3cd,4a0dd10,user_8,view_details,manufacturingcloud,2025-10-14
1760694981000,4ba890d,2141425,user_5,watch_now,salescloud,2025-10-17
1760657029000,55a87ac,4a0dd10,user_9,watch_now,manufacturingcloud,2025-10-16
1760049663000,3a2ffc1,2fcec77,user_2,view_details,manufacturingcloud,2025-10-09
1759721013000,93128c3,4a0dd10,user_4,checkout,marketingcloud,2025-10-06
1761145470000,f6d5b01,ec64d4b,user_9,checkout,manufacturingcloud,2025-10-22
1760548069000,c259fa0,a98e290,user_5,checkout,healthcloud,2025-10-15
1760814953000,1e8df34,4a0dd10,user_3,checkout,healthcloud,2025-10-18
1759456038000,3ca2f30,5a17c0a,user_9,view_details,servicecloud,2025-10-03
1760799480000,f4066fe,dc66929,user_6,watch_now,datacloud,2025-10-18
1759419148000,9b7fcc3,fa7ca22,user_2,checkout,manufacturingcloud,2025-10-02
1760543685000,22abca2,2141425,user_5,watch_now,slack,2025-10-15
1760849519000,7feaaf7,fa7ca22,user_3,watch_now,tableau,2025-10-19
1761454676000,a21a33f,dc66929,user_3,view_details,datacloud,2025-10-26
1761731390000,908edf6,4a0dd10,user_5,watch_now,healthcloud,2025-10-29
1760887284000,37819cf,7386ea4,user_5,view_details,servicecloud,2025-10-19
1759526721000,bf88204,a98e290,user_6,purchase,servicecloud,2025-10-03
1761233814000,f8ebe26,ec64d4b,user_3,details_page,healthcloud,2025-10-23
1761461850000,6ce66cc,a98e290,user_3,purchase,mulesoft,2025-10-26
1760786831000,29bfe67,5a17c0a,user_10,checkout,salescloud,2025-10-18
1760894808000,bd42502,f08156a,user_9,checkout,marketingcloud,2025-10-19
1759611688000,cd1e438,fa7ca22,user_1,details_page,slack,2025-10-04
1761434486000,47dfa67,a98e290,user_3,watch_now,marketingcloud,2025-10-25
1760281608000,9cd8307,7386ea4,user_10,view_details,mulesoft,2025-10-12
1759843702000,105772e,2141425,user_2,checkout,mulesoft,2025-10-07
1761720311000,a8e061f,f08156a,user_6,watch_now,marketingcloud,2025-10-29
1760712127000,587aea2,ec64d4b,user_5,checkout,healthcloud,2025-10-17
1761120945000,0b64ed0,4a0dd10,user_3,watch_now,datacloud,2025-10-22
1761079776000,e534e97,4a0dd10,user_2,checkout,manufacturingcloud,2025-10-21
1761454355000,ff640e4,5a17c0a,user_9,checkout,servicecloud,2025-10-26
1760738950000,ebfc4c8,4a0dd10,user_4,watch_now,healthcloud,2025-10-17
1760642304000,790d066,a98e290,user_4,watch_now,salescloud,2025-10-16
1761695922000,0504437,5a17c0a,user_5,checkout,tableau,2025-10-28
1760502980000,bbeff74,fa7ca22,user_10,checkout,datacloud,2025-10-15
1760542427000,e8917c9,4a0dd10,user_8,purchase,salescloud,2025-10-15
1760188280000,fc7d2ff,7386ea4,user_3,purchase,manufacturingcloud,2025-10-11
1759409849000,afc79b6,a98e290,user_7,details_page,salescloud,2025-10-02
1760417983000,4b43109,2141425,user_1,purchase,healthcloud,2025-10-14
1761677185000,b12f4e4,f08156a,user_1,purchase,healthcloud,2025-10-28
1759698776000,5db44f4,4a0dd10,user_1,details_page,slack,2025-10-05
1761746997000,8c1740a,fa7ca22,user_4,view_details,servicecloud,2025-10-29
1759909719000,a492d93,2141425,user_2,purchase,marketingcloud,2025-10-08
1760509645000,faf5d6a,7386ea4,user_7,checkout,marketingcloud,2025-10-15
1760937733000,0be5598,fa7ca22,user_4,details_page,healthcloud,2025-10-20
1759688971000,4fbdf1d,4a0dd10,user_9,checkout,salescloud,2025-10-05
1759528760000,c51c418,7386ea4,user_10,purchase,servicecloud,2025-10-03
1760619038000,d4c7774,ec64d4b,user_7,details_page,tableau,2025-10-16
1760530792000,f9a7595,2fcec77,user_10,purchase,salescloud,2025-10-15
1759610075000,b02c1bb,a98e290,user_1,checkout,datacloud,2025-10-04
1759754692000,b3faaf2,2fcec77,user_1,details_page,healthcloud,2025-10-06
1761850845000,76339cb,dc66929,user_2,view_details,mulesoft,2025-10-30
1761461018000,388f0ba,5a17c0a,user_10,checkout,tableau,2025-10-26
1761785083000,dded504,2141425,user_6,view_details,salescloud,2025-10-30
1760620119000,4d8412f,4a0dd10,user_8,watch_now,manufacturingcloud,2025-10-16
1761644957000,c6263b5,ec64d4b,user_1,view_details,tableau,2025-10-28
1759960115000,4726296,2fcec77,user_3,checkout,mulesoft,2025-10-08
1761262183000,0ad256e,5a17c0a,user_8,view_details,healthcloud,2025-10-23
1760903066000,abcf7a6,2141425,user_9,purchase,mulesoft,2025-10-19
1760955263000,fa592b7,dc66929,user_6,view_details,manufacturingcloud,2025-10-20
1761643722000,0d0547a,a98e290,user_1,watch_now,datacloud,2025-10-28
1760805641000,1757380,ec64d4b,user_7,purchase,datacloud,2025-10-18
1761258491000,2f2f230,fa7ca22,user_6,view_details,tableau,2025-10-23
1761450264000,798ed52,7386ea4,user_6,purchase,servicecloud,2025-10-26
1759655506000,5e19a10,f08156a,user_9,watch_now,manufacturingcloud,2025-10-05
1759437939000,810270a,4a0dd10,user_5,watch_now,datacloud,2025-10-02
1761606833000,ed168cb,5a17c0a,user_2,details_page,marketingcloud,2025-10-27
1760316773000,0cacc92,f08156a,user_4,watch_now,marketingcloud,2025-10-13
1760601869000,d2f6de3,fa7ca22,user_2,checkout,manufacturingcloud,2025-10-16
1760240166000,34162f0,a98e290,user_4,purchase,servicecloud,2025-10-12
1761394828000,1b1e43d,2fcec77,user_7,purchase,slack,2025-10-25
1761578142000,0513612,7386ea4,user_10,purchase,tableau,2025-10-27
1759987426000,3a962a8,ec64d4b,user_4,view_details,tableau,2025-10-09
1759753560000,b8e27d5,dc66929,user_2,details_page,salescloud,2025-10-06
1760493744000,8e1fd1f,f08156a,user_2,watch_now,servicecloud,2025-10-15
1761439648000,9167252,5a17c0a,user_7,watch_now,salescloud,2025-10-26
1760269534000,ac2babf,5a17c0a,user_2,view_details,manufacturingcloud,2025-10-12
1761157140000,d7ac8ff,a98e290,user_8,view_details,slack,2025-10-22
1760043179000,e12f244,2141425,user_10,details_page,salescloud,2025-10-09
1760966814000,bf9cd49,2141425,user_5,watch_now,slack,2025-10-20
1759929314000,bb2cd26,7386ea4,user_1,checkout,salescloud,2025-10-08
1761002828000,710bbf9,2141425,user_3,view_details,datacloud,2025-10-20
1759972084000,b4be25f,2fcec77,user_4,watch_now,tableau,2025-10-09
1760064138000,43212bc,2fcec77,user_6,purchase,salescloud,2025-10-10
1761167660000,97576bd,ec64d4b,user_5,checkout,marketingcloud,2025-10-22
1761720678000,1bf9aac,f08156a,user_6,checkout,datacloud,2025-10-29
1760991685000,6d3e1de,5a17c0a,user_4,purchase,salescloud,2025-10-20
1759762872000,f374ec1,4a0dd10,user_5,checkout,marketingcloud,2025-10-06
1760220042000,aa97c64,4a0dd10,user_5,details_page,healthcloud,2025-10-11
1761109609000,98b24d3,2141425,user_5,checkout,manufacturingcloud,2025-10-22
1761770896000,2559807,7386ea4,user_5,view_details,slack,2025-10-29
1761014348000,b070295,f08156a,user_7,view_details,salescloud,2025-10-21
1761349625000,98b7f1f,4a0dd10,user_6,watch_now,slack,2025-10-24
1760727863000,5e16cad,dc66929,user_6,purchase,tableau,2025-10-17
1759893574000,a02be2b,2fcec77,user_10,view_details,servicecloud,2025-10-08
1760123115000,4d0df54,fa7ca22,user_5,watch_now,healthcloud,2025-10-10
1760876652000,d6b54b1,a98e290,user_7,view_details,mulesoft,2025-10-19
1759460515000,ad3ea22,f08156a,user_2,view_details,manufacturingcloud,2025-10-03
1759492410000,ad1597d,4a0dd10,user_4,view_details,slack,2025-10-03
1760280242000,3325b91,7386ea4,user_1,details_page,healthcloud,2025-10-12
1761740878000,a2e3e21,4a0dd10,user_4,details_page,datacloud,2025-10-29
1759778637000,108cb7f,7386ea4,user_4,details_page,datacloud,2025-10-06
1761489355000,7c75e52,ec64d4b,user_9,view_details,tableau,2025-10-26
1759874964000,7cb2240,fa7ca22,user_10,details_page,tableau,2025-10-07
1759982198000,ccc8324,fa7ca22,user_6,checkout,servicecloud,2025-10-09
1761669575000,9dcd1e1,5a17c0a,user_8,details_page,tableau,2025-10-28
1761306955000,af7b596,dc66929,user_4,watch_now,mulesoft,2025-10-24
1760050119000,5434e65,dc66929,user_1,watch_now,healthcloud,2025-10-09
1760833913000,fdcaa12,7386ea4,user_6,details_page,healthcloud,2025-10-19
1759514796000,c2d5e06,ec64d4b,user_3,watch_now,datacloud,2025-10-03
1760822587000,cce387f,2fcec77,user_8,checkout,mulesoft,2025-10-18
1759408802000,b6c0078,a98e290,user_1,watch_now,mulesoft,2025-10-02
1760099507000,be67279,2141425,user_9,view_details,salescloud,2025-10-10
1760898775000,7536b68,ec64d4b,user_2,watch_now,datacloud,2025-10-19
1761622467000,20c9d5d,2141425,user_8,watch_now,slack,2025-10-28
1761020099000,a32fa22,4a0dd10,user_9,view_details,healthcloud,2025-10-21
1759424126000,42b5e92,fa7ca22,user_8,checkout,salescloud,2025-10-02
1761546552000,ba5b247,2141425,user_9,details_page,datacloud,2025-10-27
1760464100000,8dc1240,2fcec77,user_10,watch_now,mulesoft,2025-10-14
1759846864000,7f59c36,2fcec77,user_6,details_page,servicecloud,2025-10-07
1759815442000,c03958e,a98e290,user_9,watch_now,mulesoft,2025-10-07
1761437973000,d958377,7386ea4,user_9,watch_now,healthcloud,2025-10-26
1759595793000,e922c77,5a17c0a,user_4,watch_now,servicecloud,2025-10-04
1760784081000,96b8764,2141425,user_3,details_page,slack,2025-10-18
1759545769000,8c24bc5,2fcec77,user_2,details_page,manufacturingcloud,2025-10-04
1759646342000,03d8511,2fcec77,user_2,view_details,tableau,2025-10-05
1760459265000,ee45f74,fa7ca22,user_4,view_details,servicecloud,2025-10-14
1761389307000,96de086,ec64d4b,user_6,checkout,tableau,2025-10-25
1760683436000,b7db0a5,ec64d4b,user_9,checkout,mulesoft,2025-10-17
1760509134000,42f03dc,dc66929,user_6,purchase,mulesoft,2025-10-15
1761443465000,9d1e5c0,7386ea4,user_10,purchase,mulesoft,2025-10-26
1760903863000,0fcbafc,2141425,user_7,watch_now,servicecloud,2025-10-19
1760835359000,8420fff,f08156a,user_7,view_details,servicecloud,2025-10-19
1759612073000,62954a6,4a0dd10,user_6,checkout,datacloud,2025-10-04
1761560093000,a0ab872,4a0dd10,user_2,details_page,slack,2025-10-27
1760232810000,bf2c033,f08156a,user_4,watch_now,mulesoft,2025-10-12
1760604761000,f23ffbd,7386ea4,user_6,checkout,manufacturingcloud,2025-10-16
1760315708000,5346777,fa7ca22,user_7,details_page,slack,2025-10-13
1759778807000,47ad718,5a17c0a,user_5,purchase,healthcloud,2025-10-06
1760950484000,36f23ec,f08156a,user_9,checkout,healthcloud,2025-10-20
1759438628000,f266af3,7386ea4,user_6,purchase,mulesoft,2025-10-02
1759725175000,6f23fdd,fa7ca22,user_8,watch_now,tableau,2025-10-06
1761839005000,b8e8ab3,dc66929,user_9,view_details,tableau,2025-10-30
1761316134000,d77acd7,2141425,user_2,purchase,slack,2025-10-24
1761633499000,f8e27f9,5a17c0a,user_6,checkout,manufacturingcloud,2025-10-28
1760265431000,3332c89,ec64d4b,user_4,view_details,marketingcloud,2025-10-12
1759419307000,045b360,dc66929,user_7,purchase,manufacturingcloud,2025-10-02
1760852299000,5546544,fa7ca22,user_1,watch_now,manufacturingcloud,2025-10-19
1759662838000,1589cd1,4a0dd10,user_9,view_details,tableau,2025-10-05
1759479549000,7a7955d,7386ea4,user_5,checkout,mulesoft,2025-10-03
1760959348000,1d19412,ec64d4b,user_6,checkout,manufacturingcloud,2025-10-20
1760177935000,e1f794f,a98e290,user_4,purchase,salescloud,2025-10-11
1760975015000,30a729e,fa7ca22,user_2,checkout,marketingcloud,2025-10-20
1760664519000,48315a3,f08156a,user_5,watch_now,mulesoft,2025-10-17
1759547643000,32c1966,4a0dd10,user_9,checkout,tableau,2025-10-04
1759544812000,e31c3c0,ec64d4b,user_10,checkout,manufacturingcloud,2025-10-04
1759969074000,bfa9b7b,2141425,user_1,watch_now,mulesoft,2025-10-09
1761578757000,6334668,4a0dd10,user_7,purchase,servicecloud,2025-10-27
1760160934000,38802ab,2fcec77,user_7,details_page,tableau,2025-10-11
1761563626000,5fcf5cd,5a17c0a,user_5,details_page,marketingcloud,2025-10-27
1759631905000,95a2055,a98e290,user_5,details_page,servicecloud,2025-10-05
1761204852000,1a6a1ca,2fcec77,user_8,details_page,servicecloud,2025-10-23
1760125392000,a26ecd2,2fcec77,user_6,view_details,tableau,2025-10-10
1761734165000,b2de533,a98e290,user_3,purchase,manufacturingcloud,2025-10-29
1759835061000,7f6cba7,dc66929,user_8,watch_now,slack,2025-10-07
1759467589000,341a4b9,2141425,user_7,details_page,datacloud,2025-10-03
1759650802000,cd07b34,ec64d4b,user_3,watch_now,slack,2025-10-05
1759763956000,f19380b,5a17c0a,user_4,purchase,tableau,2025-10-06
1760158064000,bed4a44,f08156a,user_3,checkout,datacloud,2025-10-11
1761464610000,b91d32e,fa7ca22,user_4,view_details,servicecloud,2025-10-26
1761842738000,22f42ce,ec64d4b,user_10,watch_now,healthcloud,2025-10-30
1761307851000,7e8a970,f08156a,user_5,view_details,servicecloud,2025-10-24
1760905146000,dc9f63c,5a17c0a,user_2,view_details,servicecloud,2025-10-19
1761098513000,f9b30c2,2141425,user_9,view_details,mulesoft,2025-10-22
1761795116000,632fa5b,dc66929,user_3,watch_now,datacloud,2025-10-30
1760416875000,95d8d88,5a17c0a,user_9,details_page,mulesoft,2025-10-14
1760414448000,fdb1082,f08156a,user_5,view_details,tableau,2025-10-14
1760782427000,62ca2fa,dc66929,user_2,purchase,manufacturingcloud,2025-10-18
1761149114000,a1c5498,2141425,user_9,purchase,healthcloud,2025-10-22
1759713398000,10ad288,f08156a,user_2,view_details,salescloud,2025-10-06
1760070780000,76518c4,5a17c0a,user_8,details_page,mulesoft,2025-10-10
1759801387000,9e8e796,f08156a,user_10,checkout,healthcloud,2025-10-07
1760990059000,44835ac,7386ea4,user_4,checkout,healthcloud,2025-10-20
1761772577000,b93deb0,a98e290,user_10,details_page,servicecloud,2025-10-29
1760868524000,b71ccb0,ec64d4b,user_10,view_details,marketingcloud,2025-10-19
1760647185000,a2b9d35,7386ea4,user_9,watch_now,datacloud,2025-10-16
1760799490000,be5d53c,4a0dd10,user_3,details_page,manufacturingcloud,2025-10-18
1760383052000,857305c,7386ea4,user_1,watch_now,mulesoft,2025-10-13
1761549029000,16bac1c,2fcec77,user_7,purchase,marketingcloud,2025-10-27
1759367691000,034215b,7386ea4,user_5,details_page,servicecloud,2025-10-02
1760925225000,b92c39f,5a17c0a,user_2,details_page,healthcloud,2025-10-20
1760320993000,ec3d15b,ec64d4b,user_7,details_page,slack,2025-10-13
1759833988000,3b95c46,5a17c0a,user_7,checkout,salescloud,2025-10-07
1759639940000,212bb80,fa7ca22,user_1,watch_now,servicecloud,2025-10-05
1761770412000,5a24146,7386ea4,user_5,details_page,manufacturingcloud,2025-10-29
1759844520000,db61dab,fa7ca22,user_9,purchase,mulesoft,2025-10-07
1760570317000,0a38f73,ec64d4b,user_1,view_details,manufacturingcloud,2025-10-15
1760485312000,7711ac4,fa7ca22,user_7,details_page,tableau,2025-10-14
1760358656000,f6374d5,2141425,user_9,watch_now,mulesoft,2025-10-13
1761614825000,3110704,4a0dd10,user_4,checkout,datacloud,2025-10-28
1761439578000,83e28f9,f08156a,user_9,watch_now,datacloud,2025-10-26
1760882105000,03443e8,fa7ca22,user_2,watch_now,servicecloud,2025-10-19
1761574667000,ea66e08,fa7ca22,user_3,purchase,healthcloud,2025-10-27
1760253815000,3d89c05,2fcec77,user_1,checkout,manufacturingcloud,2025-10-12
1760492209000,ece3d7f,2141425,user_4,purchase,marketingcloud,2025-10-15
1759809344000,64a52ae,dc66929,user_4,purchase,slack,2025-10-07
1759966266000,8f6a7f4,2141425,user_2,checkout,healthcloud,2025-10-08
1760740460000,c2fdd69,f08156a,user_4,purchase,healthcloud,2025-10-17
1759868687000,53c5ab3,5a17c0a,user_3,checkout,manufacturingcloud,2025-10-07
1760679675000,a62bfea,a98e290,user_7,view_details,salescloud,2025-10-17
1760496725000,6ae1099,fa7ca22,user_1,purchase,tableau,2025-10-15
1761111331000,2106f68,a98e290,user_10,view_details,mulesoft,2025-10-22
1761677185000,372a14d,5a17c0a,user_10,view_details,servicecloud,2025-10-28
1761352049000,55ccbab,fa7ca22,user_3,watch_now,mulesoft,2025-10-25
1759877744000,f424225,2141425,user_5,checkout,healthcloud,2025-10-07
1761536379000,11471c5,2fcec77,user_3,watch_now,salescloud,2025-10-27
1761502240000,056c3e3,2fcec77,user_1,checkout,manufacturingcloud,2025-10-26
1759938875000,f16de02,7386ea4,user_4,details_page,healthcloud,2025-10-08
1761165177000,e74f684,2141425,user_2,view_details,tableau,2025-10-22
1760195312000,31df66b,2fcec77,user_9,view_details,manufacturingcloud,2025-10-11
1761480313000,96a4656,fa7ca22,user_6,view_details,datacloud,2025-10-26
1761719096000,5b79d64,ec64d4b,user_2,purchase,datacloud,2025-10-29
1761774008000,fd7224f,2141425,user_2,checkout,servicecloud,2025-10-29
1760637475000,5157f2e,ec64d4b,user_10,view_details,salescloud,2025-10-16
1761012565000,04528f2,dc66929,user_6,purchase,salescloud,2025-10-21
1760505667000,7fff4bf,5a17c0a,user_3,purchase,salescloud,2025-10-15
1760641715000,cd08fc6,f08156a,user_6,details_page,servicecloud,2025-10-16
1759938928000,220d7a3,2141425,user_1,watch_now,slack,2025-10-08
1760993598000,93cd548,dc66929,user_8,details_page,healthcloud,2025-10-20
1761152779000,7a30093,2141425,user_6,view_details,tableau,2025-10-22
1760773937000,5fc7979,ec64d4b,user_5,details_page,manufacturingcloud,2025-10-18
1760570170000,bffce56,4a0dd10,user_3,details_page,salescloud,2025-10-15
1761220669000,03f3573,fa7ca22,user_8,watch_now,salescloud,2025-10-23
1761678621000,89672ca,dc66929,user_3,purchase,datacloud,2025-10-28
1759977280000,1eab3e1,fa7ca22,user_2,view_details,servicecloud,2025-10-09
1761664006000,62da18a,a98e290,user_4,checkout,slack,2025-10-28
1760453094000,d69bd05,ec64d4b,user_7,details_page,datacloud,2025-10-14
1760224276000,586eb24,f08156a,user_3,purchase,healthcloud,2025-10-11
1761537464000,c2a108f,4a0dd10,user_5,view_details,slack,2025-10-27
1759428007000,c5260d2,dc66929,user_8,purchase,mulesoft,2025-10-02
1759959859000,b4c4025,a98e290,user_8,watch_now,mulesoft,2025-10-08
1759439990000,f29c655,fa7ca22,user_3,checkout,slack,2025-10-02
1760893512000,3f134ea,ec64d4b,user_7,checkout,manufacturingcloud,2025-10-19
1760718871000,f98e60e,7386ea4,user_6,watch_now,mulesoft,2025-10-17
1761161383000,3342dbd,ec64d4b,user_10,checkout,manufacturingcloud,2025-10-22
1759420546000,c0ade02,2141425,user_9,watch_now,marketingcloud,2025-10-02
1759558831000,9c5ec3c,5a17c0a,user_6,details_page,manufacturingcloud,2025-10-04
1761331599000,17b923c,5a17c0a,user_4,view_details,slack,2025-10-24
1760479423000,da62d83,4a0dd10,user_5,checkout,healthcloud,2025-10-14
1760154143000,2ea8464,4a0dd10,user_7,watch_now,servicecloud,2025-10-11
1761591046000,1cdd6f1,4a0dd10,user_2,watch_now,salescloud,2025-10-27
1759601101000,8beba54,2fcec77,user_10,checkout,slack,2025-10-04
1759801929000,0454b0f,ec64d4b,user_8,view_details,mulesoft,2025-10-07
1759896328000,de31896,dc66929,user_8,watch_now,tableau,2025-10-08
1759633880000,2bfbb59,dc66929,user_3,watch_now,tableau,2025-10-05
1760283777000,f77e1f1,5a17c0a,user_6,details_page,datacloud,2025-10-12
1760810259000,780492b,2141425,user_2,purchase,slack,2025-10-18
1760990396000,e5d45f7,a98e290,user_10,details_page,marketingcloud,2025-10-20
1761002897000,2304184,fa7ca22,user_6,checkout,slack,2025-10-20
1761067296000,045ee72,7386ea4,user_8,checkout,mulesoft,2025-10-21
1761095015000,aebad41,a98e290,user_7,watch_now,servicecloud,2025-10-22
1761673007000,d0a3597,a98e290,user_3,details_page,tableau,2025-10-28
1761377470000,45941f6,ec64d4b,user_2,checkout,salescloud,2025-10-25
1760372377000,9f18a80,2141425,user_2,view_details,datacloud,2025-10-13
1760306141000,d8320a2,f08156a,user_6,purchase,servicecloud,2025-10-12
1761465134000,d0b1cc0,a98e290,user_8,watch_now,datacloud,2025-10-26
1761243516000,055f4f7,7386ea4,user_8,checkout,tableau,2025-10-23
1761045683000,b081a60,ec64d4b,user_10,view_details,healthcloud,2025-10-21
1760065302000,e02de3d,4a0dd10,user_7,view_details,salescloud,2025-10-10
1760531262000,1867eef,7386ea4,user_1,purchase,manufacturingcloud,2025-10-15
1760230792000,c2ef547,7386ea4,user_4,watch_now,tableau,2025-10-12
1760965404000,fe70bdd,4a0dd10,user_7,checkout,mulesoft,2025-10-20
1759510661000,db0cd8c,a98e290,user_4,view_details,marketingcloud,2025-10-03
1759987770000,85e0cd3,2141425,user_3,watch_now,servicecloud,2025-10-09
1761579999000,8cfeef1,ec64d4b,user_3,view_details,datacloud,2025-10-27
1759318010000,4813dcb,4a0dd10,user_7,checkout,marketingcloud,2025-10-01
1761566612000,a9c2849,2fcec77,user_8,purchase,slack,2025-10-27
1759469588000,3e93ba1,7386ea4,user_10,view_details,healthcloud,2025-10-03
1759735645000,e0c26ad,2fcec77,user_7,purchase,datacloud,2025-10-06
1761377460000,e952212,5a17c0a,user_9,watch_now,slack,2025-10-25
1761634705000,6cb9cfa,7386ea4,user_4,view_details,salescloud,2025-10-28
1761630302000,0ba20eb,fa7ca22,user_5,purchase,manufacturingcloud,2025-10-28
1759794781000,1006943,4a0dd10,user_4,purchase,salescloud,2025-10-06
1761330512000,3e6d978,f08156a,user_9,purchase,datacloud,2025-10-24
1761000901000,5f134fd,4a0dd10,user_9,purchase,marketingcloud,2025-10-20
1760879868000,b577b42,7386ea4,user_1,view_details,tableau,2025-10-19
1761014475000,347760f,7386ea4,user_8,checkout,healthcloud,2025-10-21
1760839339000,d36be0e,fa7ca22,user_10,view_details,mulesoft,2025-10-19
1760467984000,3c0baf3,dc66929,user_7,checkout,manufacturingcloud,2025-10-14
1761691793000,f31113b,2141425,user_6,checkout,servicecloud,2025-10-28
1761676731000,c20cb76,5a17c0a,user_2,details_page,healthcloud,2025-10-28
1760878643000,4e77585,4a0dd10,user_8,watch_now,datacloud,2025-10-19
1760096925000,882782f,5a17c0a,user_3,view_details,slack,2025-10-10
1761458857000,7a0a168,f08156a,user_4,checkout,salescloud,2025-10-26
1760243449000,ffb5aa8,2fcec77,user_2,details_page,mulesoft,2025-10-12
1759287742000,c4b87b4,7386ea4,user_2,checkout,servicecloud,2025-10-01
1759366633000,92aa05a,fa7ca22,user_2,checkout,datacloud,2025-10-02
1760353748000,2fc9af6,fa7ca22,user_3,checkout,servicecloud,2025-10-13
1760915483000,9b1314e,5a17c0a,user_9,checkout,servicecloud,2025-10-19
1760294221000,f833636,2141425,user_5,view_details,salescloud,2025-10-12
1761615538000,d4b93ab,7386ea4,user_3,checkout,slack,2025-10-28
1759872112000,4751910,dc66929,user_3,checkout,marketingcloud,2025-10-07
1760411934000,1a0072d,a98e290,user_4,view_details,salescloud,2025-10-14
1759900860000,6aa31b8,2141425,user_4,details_page,slack,2025-10-08
1761007334000,0d84eca,a98e290,user_8,details_page,tableau,2025-10-21
1761834487000,523f61e,7386ea4,user_5,checkout,marketingcloud,2025-10-30
1759911855000,a2c93e8,5a17c0a,user_7,view_details,tableau,2025-10-08
1761715777000,32b97f4,dc66929,user_3,view_details,slack,2025-10-29
1760201630000,9360a5c,dc66929,user_10,view_details,tableau,2025-10-11
1761140618000,65eee17,4a0dd10,user_10,purchase,tableau,2025-10-22
1760692789000,6e9ea79,2fcec77,user_4,purchase,mulesoft,2025-10-17
1759856587000,88553ec,4a0dd10,user_7,view_details,slack,2025-10-07
1759784603000,c8ce4a9,a98e290,user_1,purchase,marketingcloud,2025-10-06
1759474259000,9f1c47b,4a0dd10,user_10,watch_now,tableau,2025-10-03
1761046314000,013b7f4,a98e290,user_2,checkout,marketingcloud,2025-10-21
1760015108000,cc4086c,ec64d4b,user_6,watch_now,manufacturingcloud,2025-10-09
1760695029000,958df29,2fcec77,user_8,checkout,manufacturingcloud,2025-10-17
1761542024000,09c5bf2,2141425,user_10,purchase,servicecloud,2025-10-27
1761821651000,7665a4c,7386ea4,user_9,checkout,datacloud,2025-10-30
1760612656000,51152b8,2141425,user_8,checkout,healthcloud,2025-10-16
1760574233000,f1b5719,2fcec77,user_5,purchase,slack,2025-10-16
1761066477000,cf8c120,dc66929,user_4,watch_now,mulesoft,2025-10-21
1761596919000,9a3f3fd,f08156a,user_8,details_page,manufacturingcloud,2025-10-27
1759777172000,90b9a88,2fcec77,user_7,view_details,healthcloud,2025-10-06
1761281411000,3b21399,5a17c0a,user_10,details_page,mulesoft,2025-10-24
1760401827000,ffbba40,4a0dd10,user_4,purchase,datacloud,2025-10-14
1761107062000,6561e11,dc66929,user_8,details_page,slack,2025-10-22
1760143299000,2a6955d,2fcec77,user_6,details_page,slack,2025-10-11
1759637386000,fc97591,ec64d4b,user_4,details_page,marketingcloud,2025-10-05
1759765778000,d930d34,dc66929,user_3,view_details,mulesoft,2025-10-06
1759917478000,f99e021,7386ea4,user_5,checkout,datacloud,2025-10-08
1759372061000,c18202a,7386ea4,user_3,details_page,slack,2025-10-02
1761234844000,acf70e4,7386ea4,user_1,watch_now,salescloud,2025-10-23
1759728466000,87c2397,a98e290,user_3,watch_now,salescloud,2025-10-06
1760588215000,1a0dc7a,2fcec77,user_1,checkout,healthcloud,2025-10-16
1761558348000,d642c0c,f08156a,user_5,details_page,slack,2025-10-27
1760694953000,2ceb198,4a0dd10,user_1,details_page,marketingcloud,2025-10-17
1759692034000,4f49265,2141425,user_7,view_details,manufacturingcloud,2025-10-05
1760064458000,4b08e26,4a0dd10,user_1,purchase,slack,2025-10-10
1761156769000,4931f46,4a0dd10,user_10,view_details,marketingcloud,2025-10-22
1761138426000,d10a2d9,7386ea4,user_3,view_details,mulesoft,2025-10-22
1760626002000,7e8eb96,ec64d4b,user_1,checkout,slack,2025-10-16
1760423594000,c1019a9,5a17c0a,user_6,watch_now,tableau,2025-10-14
1760613904000,786c007,fa7ca22,user_8,view_details,manufacturingcloud,2025-10-16
1759682164000,389db73,2141425,user_7,purchase,marketingcloud,2025-10-05
1760574150000,55e8af4,dc66929,user_5,view_details,servicecloud,2025-10-16
1759767523000,737980e,ec64d4b,user_1,checkout,salescloud,2025-10-06
1759437916000,183399a,2141425,user_2,details_page,mulesoft,2025-10-02
1761830040000,b8bd4f9,f08156a,user_4,checkout,datacloud,2025-10-30
1760115788000,cd79050,2fcec77,user_4,details_page,servicecloud,2025-10-10
1761798302000,21714ac,ec64d4b,user_1,purchase,servicecloud,2025-10-30
1761244441000,b01ba0d,5a17c0a,user_9,details_page,mulesoft,2025-10-23
1759324682000,23ee571,7386ea4,user_5,purchase,mulesoft,2025-10-01
1759513538000,2fdf4c4,7386ea4,user_9,view_details,healthcloud,2025-10-03
1759947878000,7c673e8,2fcec77,user_8,purchase,marketingcloud,2025-10-08
1760462596000,42bfdb1,f08156a,user_5,purchase,marketingcloud,2025-10-14
1759352561000,390a74b,fa7ca22,user_3,view_details,salescloud,2025-10-01
1761180902000,859da5b,7386ea4,user_1,purchase,servicecloud,2025-10-23
1760153282000,e0546b9,2141425,user_5,checkout,marketingcloud,2025-10-11
1759956573000,7c3add2,7386ea4,user_9,details_page,healthcloud,2025-10-08
1761757534000,bf73147,4a0dd10,user_4,watch_now,tableau,2025-10-29
1760849646000,4a89333,2fcec77,user_6,details_page,slack,2025-10-19
1760591924000,c69c4be,a98e290,user_3,details_page,servicecloud,2025-10-16
1760592202000,f6f95a5,ec64d4b,user_5,details_page,manufacturingcloud,2025-10-16
1760628280000,5060bce,7386ea4,user_4,view_details,salescloud,2025-10-16
1761266098000,05e52c1,5a17c0a,user_10,checkout,tableau,2025-10-24
1759775494000,94bcf6f,7386ea4,user_6,view_details,manufacturingcloud,2025-10-06
1761773411000,4e07c49,5a17c0a,user_1,checkout,servicecloud,2025-10-29
1760506666000,09204a4,fa7ca22,user_10,watch_now,salescloud,2025-10-15
1761859262000,3de7612,ec64d4b,user_8,watch_now,healthcloud,2025-10-30
1761863311000,9ec93a7,dc66929,user_7,view_details,slack,2025-10-30
1761677707000,b140766,5a17c0a,user_6,watch_now,tableau,2025-10-28
1759671395000,98b8872,2fcec77,user_2,view_details,healthcloud,2025-10-05
1761028719000,184eaf3,a98e290,user_9,purchase,servicecloud,2025-10-21
1759460665000,e890e1b,f08156a,user_2,view_details,healthcloud,2025-10-03
1759631986000,0bf7002,2141425,user_4,view_details,salescloud,2025-10-05
1759744685000,af285ba,2141425,user_6,details_page,healthcloud,2025-10-06
1760593293000,e44dfe8,5a17c0a,user_2,view_details,tableau,2025-10-16
1760225502000,8427339,7386ea4,user_1,checkout,manufacturingcloud,2025-10-11
1760953724000,5dff2bf,2fcec77,user_2,watch_now,mulesoft,2025-10-20
1760540469000,8a21dbd,ec64d4b,user_10,checkout,marketingcloud,2025-10-15
1760351957000,7cbdbd8,5a17c0a,user_7,checkout,healthcloud,2025-10-13
1761496753000,cd8d3fb,7386ea4,user_10,purchase,tableau,2025-10-26
1760384990000,76d8306,a98e290,user_1,purchase,tableau,2025-10-13
1760488518000,529c69a,2141425,user_2,purchase,slack,2025-10-15
1759765807000,215e810,4a0dd10,user_4,watch_now,datacloud,2025-10-06
1759720746000,898f1ae,7386ea4,user_1,watch_now,mulesoft,2025-10-06
1759803734000,8bed4e0,dc66929,user_6,purchase,datacloud,2025-10-07
1759998725000,fe17ff0,7386ea4,user_6,purchase,tableau,2025-10-09
1760579127000,262fa58,7386ea4,user_5,watch_now,datacloud,2025-10-16
1760875493000,8b866e0,5a17c0a,user_7,purchase,manufacturingcloud,2025-10-19
1759309480000,221adc1,5a17c0a,user_9,checkout,marketingcloud,2025-10-01
1759722293000,151bd17,f08156a,user_2,watch_now,mulesoft,2025-10-06
1760933988000,9f1fa63,ec64d4b,user_9,checkout,salescloud,2025-10-20
1759714137000,76c5781,fa7ca22,user_1,purchase,slack,2025-10-06
1760846503000,69b3cff,fa7ca22,user_3,details_page,mulesoft,2025-10-19
1759743495000,b2b05ff,2fcec77,user_2,checkout,tableau,2025-10-06
1760887010000,473cebe,5a17c0a,user_9,purchase,healthcloud,2025-10-19
1759704075000,0f75982,2fcec77,user_5,details_page,datacloud,2025-10-05
1759811754000,3f3412a,2fcec77,user_9,view_details,mulesoft,2025-10-07
1761713812000,0f99982,dc66929,user_4,watch_now,slack,2025-10-29
1760948144000,b9f3b0c,a98e290,user_3,watch_now,datacloud,2025-10-20
1759826743000,16154de,fa7ca22,user_7,checkout,servicecloud,2025-10-07
1761654697000,169d245,2141425,user_5,watch_now,tableau,2025-10-28
1759926353000,9d9b53a,ec64d4b,user_7,view_details,healthcloud,2025-10-08
1760017461000,f97dfce,2fcec77,user_7,checkout,healthcloud,2025-10-09
1760218515000,44fe0c4,f08156a,user_10,purchase,tableau,2025-10-11
1760684767000,3a5018f,f08156a,user_6,watch_now,marketingcloud,2025-10-17
1760270912000,ff27afc,f08156a,user_10,details_page,servicecloud,2025-10-12
1761372248000,e9b94d9,2fcec77,user_4,checkout,marketingcloud,2025-10-25
1759941395000,ce5478c,f08156a,user_4,details_page,slack,2025-10-08
1760277587000,addc81c,ec64d4b,user_5,checkout,datacloud,2025-10-12
1761543868000,5189350,dc66929,user_9,purchase,marketingcloud,2025-10-27
1759777876000,7ae449e,2141425,user_5,checkout,salescloud,2025-10-06
1761494322000,e4589fe,dc66929,user_2,checkout,marketingcloud,2025-10-26
1759954766000,482bb78,fa7ca22,user_2,view_details,healthcloud,2025-10-08
1761538357000,8398c15,4a0dd10,user_10,details_page,tableau,2025-10-27
1760644172000,07837d3,5a17c0a,user_9,watch_now,mulesoft,2025-10-16
1761093259000,2c693f6,ec64d4b,user_7,view_details,datacloud,2025-10-22
1760679276000,9b6b9b4,f08156a,user_5,watch_now,healthcloud,2025-10-17
1761460917000,6481eae,2141425,user_2,watch_now,tableau,2025-10-26
1760133698000,d27f282,2141425,user_5,checkout,tableau,2025-10-10
1760865099000,71ca3dd,7386ea4,user_4,purchase,manufacturingcloud,2025-10-19
1761834184000,0f02cea,2141425,user_4,watch_now,slack,2025-10-30
1760158786000,d555847,ec64d4b,user_5,watch_now,marketingcloud,2025-10-11
1760857062000,e89e90e,a98e290,user_6,view_details,manufacturingcloud,2025-10-19
1761778378000,2fc5a66,2141425,user_1,checkout,slack,2025-10-29
1759431609000,30367d5,fa7ca22,user_9,details_page,healthcloud,2025-10-02
1759422671000,4919205,f08156a,user_2,details_page,datacloud,2025-10-02
1761032045000,05e3981,2fcec77,user_8,purchase,manufacturingcloud,2025-10-21
1759852942000,3ff15c1,7386ea4,user_6,purchase,mulesoft,2025-10-07
1761476170000,94c069e,dc66929,user_7,watch_now,datacloud,2025-10-26
1761327330000,c4dc0c6,5a17c0a,user_4,purchase,salescloud,2025-10-24
1760101950000,d43c5de,5a17c0a,user_3,view_details,tableau,2025-10-10
1760042497000,6aad16b,dc66929,user_9,watch_now,salescloud,2025-10-09
1761064680000,a4723fb,fa7ca22,user_3,purchase,manufacturingcloud,2025-10-21
1760714074000,c29a718,5a17c0a,user_2,view_details,tableau,2025-10-17
1759827922000,5982903,a98e290,user_10,view_details,tableau,2025-10-07
1761145557000,0faae5e,5a17c0a,user_7,checkout,tableau,2025-10-22
1760065299000,fe91078,2141425,user_9,view_details,tableau,2025-10-10
1760761622000,1092297,fa7ca22,user_5,watch_now,mulesoft,2025-10-18
1760638613000,6c89b99,7386ea4,user_3,view_details,servicecloud,2025-10-16
1759401927000,04fbdfd,5a17c0a,user_2,checkout,healthcloud,2025-10-02
1760087079000,46b7e15,f08156a,user_6,purchase,healthcloud,2025-10-10
1759500382000,6d915bd,2fcec77,user_8,details_page,manufacturingcloud,2025-10-03
1761696335000,50e6912,7386ea4,user_9,checkout,manufacturingcloud,2025-10-29
1759465250000,927624d,f08156a,user_9,checkout,tableau,2025-10-03
1759865054000,6da11b4,fa7ca22,user_9,purchase,marketingcloud,2025-10-07
1759734713000,897f718,5a17c0a,user_5,details_page,marketingcloud,2025-10-06
1760780235000,ca53225,2141425,user_6,purchase,servicecloud,2025-10-18
1759927202000,a57b77e,4a0dd10,user_6,details_page,slack,2025-10-08
1760854531000,4598163,5a17c0a,user_5,details_page,mulesoft,2025-10-19
1761861662000,03ba4da,5a17c0a,user_10,view_details,manufacturingcloud,2025-10-30
1761201962000,5a631af,4a0dd10,user_2,details_page,datacloud,2025-10-23
1760665275000,1e4835b,ec64d4b,user_9,purchase,servicecloud,2025-10-17
1760072078000,79ad7f4,ec64d4b,user_7,view_details,servicecloud,2025-10-10
1760642140000,82dbeb6,dc66929,user_7,purchase,marketingcloud,2025-10-16
1760234628000,f25d04f,4a0dd10,user_2,watch_now,datacloud,2025-10-12
1761251001000,e494833,fa7ca22,user_3,details_page,tableau,2025-10-23
1761691267000,9a98098,fa7ca22,user_7,watch_now,salescloud,2025-10-28
1760235361000,d02e4b7,f08156a,user_9,watch_now,slack,2025-10-12
1759793838000,a28bd02,f08156a,user_8,checkout,servicecloud,2025-10-06
1761021378000,ffd5952,2fcec77,user_4,purchase,manufacturingcloud,2025-10-21
1761698349000,64a6e69,fa7ca22,user_2,watch_now,healthcloud,2025-10-29
1759948840000,d2a9f1f,dc66929,user_4,watch_now,servicecloud,2025-10-08
1760442075000,21e3695,4a0dd10,user_3,details_page,slack,2025-10-14
1759826354000,94ef3e9,7386ea4,user_1,checkout,tableau,2025-10-07
1759422210000,cc644d5,fa7ca22,user_3,checkout,tableau,2025-10-02
1760069713000,de32928,ec64d4b,user_2,watch_now,servicecloud,2025-10-10
1760335695000,f467611,7386ea4,user_8,watch_now,marketingcloud,2025-10-13
1760462061000,9eccd53,ec64d4b,user_5,checkout,tableau,2025-10-14
1760167203000,bd0cbc1,2fcec77,user_1,view_details,slack,2025-10-11
1759422039000,389fd1d,fa7ca22,user_3,view_details,salescloud,2025-10-02
1761452169000,68627ad,fa7ca22,user_4,watch_now,marketingcloud,2025-10-26
1760903854000,8fb5405,4a0dd10,user_2,watch_now,manufacturingcloud,2025-10-19
1760999797000,b030fb8,ec64d4b,user_6,watch_now,slack,2025-10-20
1760033749000,94eb87b,fa7ca22,user_7,purchase,slack,2025-10-09
1761013768000,5294d54,7386ea4,user_9,watch_now,mulesoft,2025-10-21
1760292150000,7bd06c3,2fcec77,user_5,details_page,marketingcloud,2025-10-12
1759421553000,e916b93,7386ea4,user_5,details_page,salescloud,2025-10-02
1760693055000,dea0d46,f08156a,user_3,purchase,mulesoft,2025-10-17
1760097311000,5442783,5a17c0a,user_3,view_details,tableau,2025-10-10
1761107915000,c41266c,ec64d4b,user_1,details_page,salescloud,2025-10-22
1760024517000,6abed08,2141425,user_9,details_page,salescloud,2025-10-09
1759873881000,925bdaa,4a0dd10,user_2,details_page,healthcloud,2025-10-07
1760978147000,6baf7b5,4a0dd10,user_2,watch_now,datacloud,2025-10-20
1760113945000,b0d3312,f08156a,user_3,purchase,datacloud,2025-10-10
1761267678000,6712ad4,a98e290,user_2,watch_now,servicecloud,2025-10-24
1759425770000,a098a04,ec64d4b,user_8,view_details,datacloud,2025-10-02
1760734303000,e833db5,ec64d4b,user_2,checkout,servicecloud,2025-10-17
1759327971000,fcbf373,dc66929,user_5,purchase,marketingcloud,2025-10-01
1760465521000,f7e7777,2141425,user_10,view_details,mulesoft,2025-10-14
1759542741000,287f322,dc66929,user_9,checkout,servicecloud,2025-10-04
1759397005000,7128b22,dc66929,user_8,view_details,datacloud,2025-10-02
1759994452000,24bd73f,7386ea4,user_7,checkout,marketingcloud,2025-10-09
1760695147000,c4a2559,2141425,user_6,details_page,manufacturingcloud,2025-10-17
1761683121000,23b5d5b,ec64d4b,user_3,details_page,tableau,2025-10-28
1761334020000,c8126a2,2141425,user_9,checkout,slack,2025-10-24
1759883497000,a68c421,f08156a,user_7,view_details,slack,2025-10-08
1761355523000,ec8af9e,fa7ca22,user_5,details_page,mulesoft,2025-10-25
1761621841000,55341af,2fcec77,user_1,details_page,tableau,2025-10-28
1761022185000,f2b844c,4a0dd10,user_9,details_page,mulesoft,2025-10-21
1760414039000,3bb76fd,a98e290,user_10,checkout,manufacturingcloud,2025-10-14
1759620725000,4556338,f08156a,user_10,view_details,marketingcloud,2025-10-04
1760455788000,c85f187,5a17c0a,user_6,checkout,tableau,2025-10-14
1761781521000,7ec4a47,ec64d4b,user_10,purchase,healthcloud,2025-10-29
1760689154000,5cf1c71,fa7ca22,user_8,details_page,healthcloud,2025-10-17
1760246173000,f4fbfcf,a98e290,user_6,view_details,manufacturingcloud,2025-10-12
1759922055000,5391413,5a17c0a,user_2,details_page,healthcloud,2025-10-08
1760013766000,b14ecf7,2fcec77,user_9,details_page,mulesoft,2025-10-09
1759879481000,e3b89e4,7386ea4,user_8,view_details,mulesoft,2025-10-07
1759683646000,7f08016,5a17c0a,user_8,view_details,servicecloud,2025-10-05
1760341641000,a789ba3,a98e290,user_6,view_details,healthcloud,2025-10-13
1761449936000,ab1f124,2141425,user_6,watch_now,healthcloud,2025-10-26
1761335043000,5843198,ec64d4b,user_8,view_details,manufacturingcloud,2025-10-24
1761849277000,e8b1881,7386ea4,user_10,view_details,tableau,2025-10-30
1760907232000,17c80d5,fa7ca22,user_8,purchase,marketingcloud,2025-10-19
1761127387000,ed3bc80,2fcec77,user_10,watch_now,manufacturingcloud,2025-10-22
1760150263000,cc3f4bf,ec64d4b,user_7,watch_now,mulesoft,2025-10-11
1761595145000,9b0e93a,fa7ca22,user_1,watch_now,tableau,2025-10-27
1759867475000,5fd4cb2,5a17c0a,user_10,view_details,tableau,2025-10-07
1760446049000,ee7f2a1,7386ea4,user_9,watch_now,slack,2025-10-14
1760689940000,2fd094f,2141425,user_10,view_details,manufacturingcloud,2025-10-17
1761038856000,76073d3,a98e290,user_5,view_details,manufacturingcloud,2025-10-21
1759515233000,c85c035,2141425,user_3,watch_now,salescloud,2025-10-03
1761495639000,b79bc8f,dc66929,user_3,checkout,slack,2025-10-26
1760516331000,7c6f930,2141425,user_9,checkout,mulesoft,2025-10-15
1759675462000,f37c296,fa7ca22,user_1,watch_now,mulesoft,2025-10-05
1759926442000,aa39de3,2fcec77,user_3,checkout,salescloud,2025-10-08
1760939621000,afd6685,2fcec77,user_6,checkout,datacloud,2025-10-20
1761533353000,1d972b6,5a17c0a,user_4,watch_now,tableau,2025-10-27
1761328909000,9390b81,2fcec77,user_7,checkout,healthcloud,2025-10-24
1759576860000,8539120,a98e290,user_6,purchase,tableau,2025-10-04
1761783416000,399bf57,dc66929,user_7,view_details,tableau,2025-10-30
1760302661000,b6f6a84,fa7ca22,user_3,view_details,datacloud,2025-10-12
1759410514000,11901c7,2fcec77,user_8,view_details,salescloud,2025-10-02
1760803239000,0799aee,fa7ca22,user_5,purchase,slack,2025-10-18
1761122212000,10f3ffc,ec64d4b,user_10,details_page,mulesoft,2025-10-22
1760469921000,de5a8dc,4a0dd10,user_10,purchase,slack,2025-10-14
1760732900000,ce9108f,dc66929,user_10,checkout,mulesoft,2025-10-17
1760092580000,118d2ea,7386ea4,user_5,details_page,servicecloud,2025-10-10
1759912169000,0e213be,a98e290,user_6,view_details,manufacturingcloud,2025-10-08
1761557999000,c1835c4,4a0dd10,user_7,checkout,healthcloud,2025-10-27
1761722077000,b3adcb5,a98e290,user_8,purchase,salescloud,2025-10-29
1759616063000,35f6d33,2fcec77,user_1,details_page,manufacturingcloud,2025-10-04
1760549909000,50a58ae,2141425,user_1,view_details,servicecloud,2025-10-15
1759612486000,3dc600c,dc66929,user_3,watch_now,slack,2025-10-04
1759833620000,9a575e3,a98e290,user_7,watch_now,mulesoft,2025-10-07
1760020245000,05c585a,7386ea4,user_8,view_details,healthcloud,2025-10-09
1759814466000,3762b52,4a0dd10,user_9,details_page,datacloud,2025-10-07
1759951993000,1b34a32,f08156a,user_8,watch_now,datacloud,2025-10-08
1760691435000,1f110a7,fa7ca22,user_10,view_details,mulesoft,2025-10-17
1761595256000,ddcba9b,ec64d4b,user_5,checkout,slack,2025-10-27
1761647745000,a911974,4a0dd10,user_6,view_details,servicecloud,2025-10-28
1760820009000,9ea8309,5a17c0a,user_7,checkout,servicecloud,2025-10-18
1760146450000,1938720,5a17c0a,user_9,purchase,manufacturingcloud,2025-10-11
1760468176000,fd56e57,ec64d4b,user_1,purchase,healthcloud,2025-10-14
1761445620000,9482935,a98e290,user_1,watch_now,healthcloud,2025-10-26
1761740639000,e4bfad2,2141425,user_1,details_page,tableau,2025-10-29
1761181151000,7a08e3c,2141425,user_8,details_page,tableau,2025-10-23
1759598472000,ac3af0c,5a17c0a,user_9,details_page,salescloud,2025-10-04
1761628570000,3330ebe,ec64d4b,user_2,checkout,datacloud,2025-10-28
1761761640000,3a087b1,2fcec77,user_4,watch_now,manufacturingcloud,2025-10-29
1761747581000,0a36f39,a98e290,user_10,view_details,healthcloud,2025-10-29
1759501157000,98806fb,5a17c0a,user_8,details_page,salescloud,2025-10-03
1760058082000,5313e2d,f08156a,user_1,details_page,marketingcloud,2025-10-10
1761435673000,97a1076,a98e290,user_9,checkout,manufacturingcloud,2025-10-25
1761798733000,114cb33,fa7ca22,user_5,view_details,healthcloud,2025-10-30
1760774464000,04d60b7,2141425,user_10,watch_now,manufacturingcloud,2025-10-18
1761253716000,f542d7d,fa7ca22,user_1,details_page,datacloud,2025-10-23
1761749048000,95d10a2,2fcec77,user_9,view_details,mulesoft,2025-10-29
1760348433000,7a7f00b,fa7ca22,user_6,purchase,manufacturingcloud,2025-10-13
1759635806000,a5b07c2,5a17c0a,user_7,details_page,slack,2025-10-05
1760311607000,b909aa2,2fcec77,user_10,checkout,healthcloud,2025-10-12
1760398489000,32231f0,2141425,user_3,purchase,tableau,2025-10-13
1761646530000,72b0041,fa7ca22,user_3,watch_now,tableau,2025-10-28
1761270238000,0c3cb4c,4a0dd10,user_9,purchase,mulesoft,2025-10-24
1759798767000,9272d0a,dc66929,user_7,view_details,datacloud,2025-10-07
1759737188000,f126420,ec64d4b,user_8,view_details,manufacturingcloud,2025-10-06
1759449655000,306e331,dc66929,user_5,watch_now,mulesoft,2025-10-03
1761173742000,68dac54,ec64d4b,user_9,purchase,datacloud,2025-10-22
1760694319000,7f2a5dc,7386ea4,user_7,details_page,salescloud,2025-10-17
1761053738000,e4ab9c7,a98e290,user_3,details_page,marketingcloud,2025-10-21
1759418271000,ef5a086,dc66929,user_7,purchase,manufacturingcloud,2025-10-02
1759913404000,47fec5b,f08156a,user_3,checkout,tableau,2025-10-08
1759866234000,f2992bc,dc66929,user_1,details_page,salescloud,2025-10-07
1760395482000,a4c437e,f08156a,user_9,watch_now,slack,2025-10-13
1759449750000,9cd4ad6,fa7ca22,user_6,checkout,servicecloud,2025-10-03
1760041682000,b57497e,4a0dd10,user_8,checkout,marketingcloud,2025-10-09
1761582662000,4acc33f,f08156a,user_9,view_details,slack,2025-10-27
1761120062000,8232aca,4a0dd10,user_6,view_details,healthcloud,2025-10-22
1761208155000,f4b9022,2141425,user_10,view_details,servicecloud,2025-10-23
1761505858000,1d9c665,2fcec77,user_8,view_details,healthcloud,2025-10-26
1761845024000,6c4e68d,ec64d4b,user_1,view_details,slack,2025-10-30
1759904783000,3967db5,4a0dd10,user_5,watch_now,manufacturingcloud,2025-10-08
1761590408000,b2c678f,7386ea4,user_6,watch_now,salescloud,2025-10-27
1761019775000,53d0c9e,4a0dd10,user_1,details_page,salescloud,2025-10-21
1760847271000,89188db,7386ea4,user_5,view_details,healthcloud,2025-10-19
1761665574000,b8d3b86,a98e290,user_8,purchase,healthcloud,2025-10-28
1759792440000,6512390,4a0dd10,user_8,view_details,servicecloud,2025-10-06
1761668521000,ed411a8,a98e290,user_8,view_details,tableau,2025-10-28
1760822216000,3799910,4a0dd10,user_6,purchase,marketingcloud,2025-10-18
1761407844000,1a3ad66,a98e290,user_4,details_page,salescloud,2025-10-25
1760827505000,7a70f6d,ec64d4b,user_1,details_page,slack,2025-10-18
1761819500000,c659aa5,fa7ca22,user_4,view_details,manufacturingcloud,2025-10-30
1760915227000,410518b,2141425,user_1,watch_now,datacloud,2025-10-19
1759970891000,3b1a9f0,4a0dd10,user_2,checkout,salescloud,2025-10-09
1759407629000,2a03458,4a0dd10,user_10,purchase,servicecloud,2025-10-02
1760202209000,7806024,2fcec77,user_1,checkout,mulesoft,2025-10-11
1759873331000,5a61b78,5a17c0a,user_10,watch_now,servicecloud,2025-10-07
1761156802000,9e529eb,2fcec77,user_3,purchase,marketingcloud,2025-10-22
1760109259000,0417c95,dc66929,user_7,view_details,healthcloud,2025-10-10
1759387972000,36146e2,a98e290,user_7,watch_now,mulesoft,2025-10-02
1761867476000,1fa02c4,a98e290,user_2,details_page,servicecloud,2025-10-30
1760792654000,2af1763,2fcec77,user_6,purchase,marketingcloud,2025-10-18
1760878300000,54c1d70,dc66929,user_6,details_page,slack,2025-10-19
1761173842000,2099b31,dc66929,user_3,purchase,mulesoft,2025-10-22
1760791287000,8e2dd15,2fcec77,user_10,view_details,healthcloud,2025-10-18
1759303495000,e0fce56,2141425,user_5,watch_now,marketingcloud,2025-10-01
1759953954000,f3f9749,f08156a,user_2,checkout,manufacturingcloud,2025-10-08
1761460072000,b52ae12,ec64d4b,user_5,checkout,salescloud,2025-10-26
1761575686000,9b94da1,dc66929,user_2,details_page,salescloud,2025-10-27
1759609562000,c0b48f8,7386ea4,user_1,watch_now,datacloud,2025-10-04
1760873542000,9379306,5a17c0a,user_3,checkout,tableau,2025-10-19
1760501694000,ce01419,2fcec77,user_1,purchase,manufacturingcloud,2025-10-15
1760553597000,a69ec43,fa7ca22,user_9,watch_now,mulesoft,2025-10-15
1760875464000,eb0464d,fa7ca22,user_3,purchase,mulesoft,2025-10-19
1761097848000,dd5c534,dc66929,user_4,watch_now,marketingcloud,2025-10-22
1760536021000,af55937,ec64d4b,user_7,view_details,datacloud,2025-10-15
1761172293000,995b91c,4a0dd10,user_10,watch_now,servicecloud,2025-10-22
1759900940000,29f3575,a98e290,user_5,watch_now,salescloud,2025-10-08
1761640832000,c1a7302,7386ea4,user_2,view_details,salescloud,2025-10-28
1759921493000,85023fd,7386ea4,user_9,watch_now,manufacturingcloud,2025-10-08
1761427966000,aafa20e,dc66929,user_10,details_page,datacloud,2025-10-25
1761317056000,da3c53d,f08156a,user_1,checkout,manufacturingcloud,2025-10-24
1760811836000,7447cd6,fa7ca22,user_4,view_details,salescloud,2025-10-18
1759307785000,d184678,dc66929,user_7,view_details,salescloud,2025-10-01
1759962960000,2ec5cf3,f08156a,user_8,details_page,salescloud,2025-10-08
1761463148000,8143d51,4a0dd10,user_10,checkout,marketingcloud,2025-10-26
1760987124000,27c4815,7386ea4,user_9,purchase,slack,2025-10-20
1761021325000,8c49831,2141425,user_3,details_page,slack,2025-10-21
1759904670000,ee6c56f,fa7ca22,user_9,view_details,marketingcloud,2025-10-08
1760180753000,362d24e,2fcec77,user_9,view_details,datacloud,2025-10-11
1761210238000,0f42c18,dc66929,user_8,view_details,manufacturingcloud,2025-10-23
1759656541000,14a9d3b,ec64d4b,user_9,watch_now,mulesoft,2025-10-05
1759402679000,5ee70c5,ec64d4b,user_10,watch_now,servicecloud,2025-10-02
1761383731000,212aa41,4a0dd10,user_9,view_details,tableau,2025-10-25
1760820316000,b35bd38,dc66929,user_4,checkout,salescloud,2025-10-18
1761483072000,52221b2,dc66929,user_9,watch_now,datacloud,2025-10-26
1759539387000,6edc767,fa7ca22,user_7,purchase,salescloud,2025-10-04
1759452893000,ff17860,4a0dd10,user_10,details_page,marketingcloud,2025-10-03
1761391745000,fd4481b,2fcec77,user_5,purchase,datacloud,2025-10-25
1759580795000,c3e4717,2fcec77,user_9,details_page,datacloud,2025-10-04
1760746904000,f862d1a,a98e290,user_1,purchase,mulesoft,2025-10-18
1761098794000,2e524e5,ec64d4b,user_7,watch_now,salescloud,2025-10-22
1759547879000,3a6118f,dc66929,user_8,view_details,datacloud,2025-10-04
1759364237000,95c5402,7386ea4,user_3,details_page,slack,2025-10-02
1761779088000,fdf378e,2fcec77,user_6,checkout,servicecloud,2025-10-29
1760715105000,4e6687f,dc66929,user_10,watch_now,servicecloud,2025-10-17
1761123214000,7cd1588,a98e290,user_10,view_details,mulesoft,2025-10-22
1761723240000,6b5d7d4,4a0dd10,user_2,checkout,mulesoft,2025-10-29
1761050030000,d97617c,ec64d4b,user_8,purchase,servicecloud,2025-10-21
1759830069000,6680a50,2141425,user_6,watch_now,mulesoft,2025-10-07
1760158529000,f646a37,f08156a,user_8,watch_now,slack,2025-10-11
1761543928000,0f81d61,a98e290,user_2,view_details,manufacturingcloud,2025-10-27
1759363456000,9912708,2141425,user_1,purchase,salescloud,2025-10-02
1761592242000,d331fbd,ec64d4b,user_9,watch_now,healthcloud,2025-10-27
1760501102000,ecabec5,4a0dd10,user_9,purchase,marketingcloud,2025-10-15
1761427853000,da83982,dc66929,user_8,checkout,datacloud,2025-10-25
1759951548000,cdf3c3d,5a17c0a,user_3,watch_now,manufacturingcloud,2025-10-08
1759276830000,363e4b7,fa7ca22,user_7,watch_now,salescloud,2025-10-01
1759932508000,febef28,a98e290,user_9,watch_now,servicecloud,2025-10-08
1759473652000,57a4b3f,ec64d4b,user_9,watch_now,marketingcloud,2025-10-03
1760332163000,726b3e2,2fcec77,user_9,checkout,marketingcloud,2025-10-13
1760380543000,823c2e0,7386ea4,user_6,watch_now,marketingcloud,2025-10-13
1760644192000,079b7ee,dc66929,user_10,checkout,healthcloud,2025-10-16
1761148127000,bc6f8dc,7386ea4,user_6,details_page,mulesoft,2025-10-22
1760855654000,19eac7b,2fcec77,user_3,checkout,manufacturingcloud,2025-10-19
1760482899000,58d3237,5a17c0a,user_10,watch_now,tableau,2025-10-14
1760079475000,647bda4,5a17c0a,user_2,details_page,marketingcloud,2025-10-10
1761249628000,1dff440,dc66929,user_9,watch_now,marketingcloud,2025-10-23
1761310627000,22e46ba,dc66929,user_1,purchase,marketingcloud,2025-10-24
1761148506000,9588eac,2fcec77,user_1,checkout,tableau,2025-10-22
1760469476000,a2d733e,2fcec77,user_6,details_page,mulesoft,2025-10-14
1761431330000,141deda,7386ea4,user_9,watch_now,tableau,2025-10-25
1760905083000,28ac078,2141425,user_2,details_page,slack,2025-10-19
1761823945000,c691a76,fa7ca22,user_1,watch_now,servicecloud,2025-10-30
1760569988000,d5c4afe,2fcec77,user_1,view_details,mulesoft,2025-10-15
1760225278000,0e04610,ec64d4b,user_2,checkout,servicecloud,2025-10-11
1760353497000,7c6507c,2141425,user_4,view_details,tableau,2025-10-13
1760711867000,33d9036,fa7ca22,user_10,view_details,datacloud,2025-10-17
1760077098000,e5280ac,ec64d4b,user_8,purchase,tableau,2025-10-10
1761289126000,9b4dfbb,fa7ca22,user_1,details_page,mulesoft,2025-10-24
1760382516000,70707d6,f08156a,user_10,purchase,healthcloud,2025-10-13
1760125967000,5849b70,fa7ca22,user_6,details_page,marketingcloud,2025-10-10
1761735388000,69d5930,ec64d4b,user_10,details_page,mulesoft,2025-10-29
1759678964000,820e7ef,5a17c0a,user_8,checkout,datacloud,2025-10-05
1761344691000,c0ffe5a,4a0dd10,user_5,purchase,salescloud,2025-10-24
1759346366000,65fab90,5a17c0a,user_5,checkout,datacloud,2025-10-01
1761124419000,395dad3,ec64d4b,user_2,checkout,manufacturingcloud,2025-10-22
1759867451000,b94e285,ec64d4b,user_8,purchase,manufacturingcloud,2025-10-07
1760943183000,9af7bcc,4a0dd10,user_2,watch_now,datacloud,2025-10-20
1761843426000,1b6a7a3,4a0dd10,user_3,watch_now,marketingcloud,2025-10-30
1759820876000,42b6beb,a98e290,user_4,purchase,healthcloud,2025-10-07
1760849848000,dce2fc6,ec64d4b,user_3,purchase,mulesoft,2025-10-19
1759813569000,887ef33,2fcec77,user_4,purchase,servicecloud,2025-10-07
1761798036000,80848bf,a98e290,user_10,view_details,mulesoft,2025-10-30
1761866184000,8f1b73a,fa7ca22,user_4,view_details,healthcloud,2025-10-30
1761776156000,0b90fb2,2fcec77,user_8,checkout,tableau,2025-10-29
1760654772000,e53895c,f08156a,user_8,purchase,manufacturingcloud,2025-10-16
1760169127000,df52e3c,2fcec77,user_3,checkout,mulesoft,2025-10-11
1760543449000,e891162,a98e290,user_10,details_page,mulesoft,2025-10-15
1761468543000,19e3071,2141425,user_7,checkout,healthcloud,2025-10-26
1760055421000,91e4dc4,a98e290,user_1,details_page,salescloud,2025-10-10
1760940911000,26dd765,ec64d4b,user_8,view_details,healthcloud,2025-10-20
1760160612000,477bdd4,f08156a,user_9,details_page,tableau,2025-10-11
1760510674000,2ab28c4,ec64d4b,user_5,details_page,marketingcloud,2025-10-15
1761173160000,0364cd2,ec64d4b,user_3,checkout,servicecloud,2025-10-22
1761584597000,2384104,2141425,user_2,purchase,healthcloud,2025-10-27
1760271310000,3e5f383,a98e290,user_9,details_page,mulesoft,2025-10-12
1760009025000,1b4205b,dc66929,user_2,view_details,salescloud,2025-10-09
1760751529000,b5dce90,7386ea4,user_8,purchase,slack,2025-10-18
1761054354000,122c3ff,fa7ca22,user_8,purchase,manufacturingcloud,2025-10-21
1760381655000,d7b8bdf,7386ea4,user_2,view_details,manufacturingcloud,2025-10-13
1761235144000,0442c0a,fa7ca22,user_2,details_page,datacloud,2025-10-23
1761678255000,1e8e7c3,2fcec77,user_7,watch_now,salescloud,2025-10-28
1760732949000,0c32da0,2fcec77,user_4,checkout,tableau,2025-10-17
1759861641000,08ee532,5a17c0a,user_9,checkout,datacloud,2025-10-07
1759324060000,310bf17,f08156a,user_7,purchase,marketingcloud,2025-10-01
1760259793000,f455fcc,5a17c0a,user_9,checkout,marketingcloud,2025-10-12
1759366943000,a3dd414,dc66929,user_5,details_page,marketingcloud,2025-10-02
1759831118000,0fb1e6f,4a0dd10,user_6,watch_now,datacloud,2025-10-07
1759475917000,46e65a3,7386ea4,user_8,details_page,marketingcloud,2025-10-03
1759653091000,2808bd7,ec64d4b,user_10,checkout,servicecloud,2025-10-05
1761853180000,140fe52,dc66929,user_5,view_details,manufacturingcloud,2025-10-30
1761671142000,12ec2cf,ec64d4b,user_8,details_page,healthcloud,2025-10-28
1761438573000,ae8b950,4a0dd10,user_2,watch_now,datacloud,2025-10-26
1761738954000,154f519,2141425,user_6,view_details,mulesoft,2025-10-29
1759993263000,efad994,2141425,user_8,watch_now,salescloud,2025-10-09
1760905109000,d79c5de,f08156a,user_5,purchase,datacloud,2025-10-19
1759343445000,cea9b98,5a17c0a,user_8,view_details,datacloud,2025-10-01
1761092071000,1eb0bc2,4a0dd10,user_2,checkout,mulesoft,2025-10-22
1760543892000,4d1401e,2fcec77,user_9,watch_now,salescloud,2025-10-15
1760357868000,3dae55e,a98e290,user_2,details_page,tableau,2025-10-13
1760062257000,c696e92,fa7ca22,user_4,watch_now,marketingcloud,2025-10-10
1761503980000,e4905db,2fcec77,user_2,purchase,marketingcloud,2025-10-26
1760281271000,75e848f,f08156a,user_3,checkout,slack,2025-10-12
1760030983000,398518f,a98e290,user_4,purchase,manufacturingcloud,2025-10-09
1761397006000,044a31d,2141425,user_3,purchase,servicecloud,2025-10-25
1760604117000,16d7281,2141425,user_7,details_page,datacloud,2025-10-16
1761116518000,7939825,7386ea4,user_6,view_details,tableau,2025-10-22
1761416326000,d6fc133,fa7ca22,user_9,view_details,tableau,2025-10-25
1761653152000,55b3ec9,dc66929,user_10,view_details,mulesoft,2025-10-28
1761542550000,6c7d481,a98e290,user_2,checkout,slack,2025-10-27
1761555094000,c8a149b,a98e290,user_2,checkout,manufacturingcloud,2025-10-27
1760020798000,b3765ca,5a17c0a,user_4,purchase,manufacturingcloud,2025-10-09
1759731875000,daf9f1c,a98e290,user_9,view_details,healthcloud,2025-10-06
1761720641000,8e4e09e,fa7ca22,user_3,view_details,datacloud,2025-10-29
1760687194000,952e2de,2fcec77,user_6,view_details,datacloud,2025-10-17
1759738926000,1181692,7386ea4,user_1,watch_now,datacloud,2025-10-06
1760037347000,4f02318,4a0dd10,user_8,checkout,salescloud,2025-10-09
1760960163000,4258638,ec64d4b,user_10,details_page,datacloud,2025-10-20
1760456267000,807fba1,2fcec77,user_7,checkout,datacloud,2025-10-14
1760048830000,e6de724,2141425,user_3,view_details,marketingcloud,2025-10-09
1760682118000,03c0a95,7386ea4,user_5,details_page,salescloud,2025-10-17
1761180944000,5282fda,2141425,user_5,details_page,marketingcloud,2025-10-23
1760528593000,a4bb427,2141425,user_1,view_details,manufacturingcloud,2025-10-15
1761011414000,f787138,7386ea4,user_3,details_page,salescloud,2025-10-21
1760414700000,c1faeb1,5a17c0a,user_2,view_details,datacloud,2025-10-14
1761618250000,565cc38,2141425,user_7,checkout,slack,2025-10-28
1760788400000,3b28716,5a17c0a,user_2,view_details,slack,2025-10-18
1759383233000,04232f9,2fcec77,user_7,details_page,marketingcloud,2025-10-02
1761696560000,c4ad291,ec64d4b,user_1,details_page,tableau,2025-10-29
1760020193000,5dc952c,7386ea4,user_3,watch_now,mulesoft,2025-10-09
1761218618000,8076f5c,ec64d4b,user_6,purchase,salescloud,2025-10-23
1759991970000,8757768,f08156a,user_5,details_page,mulesoft,2025-10-09
1759839677000,50b8512,fa7ca22,user_1,watch_now,tableau,2025-10-07
1760901144000,e0e3b57,2fcec77,user_10,watch_now,tableau,2025-10-19
1760025484000,fb38a0c,7386ea4,user_8,view_details,salescloud,2025-10-09
1759299278000,2a5a6a1,ec64d4b,user_3,checkout,slack,2025-10-01
1759685077000,43c3456,7386ea4,user_3,view_details,salescloud,2025-10-05
1760912933000,bab11d6,ec64d4b,user_5,view_details,healthcloud,2025-10-19
1761738087000,b87352a,2fcec77,user_7,view_details,salescloud,2025-10-29
1761081357000,78487c5,4a0dd10,user_3,purchase,salescloud,2025-10-21
1760539619000,4eb1c03,7386ea4,user_5,watch_now,mulesoft,2025-10-15
1760979347000,7cef393,7386ea4,user_2,watch_now,manufacturingcloud,2025-10-20
1759913491000,c0af99a,2141425,user_1,purchase,mulesoft,2025-10-08
1761719507000,8198ba2,ec64d4b,user_5,view_details,mulesoft,2025-10-29
1759569348000,959a6aa,fa7ca22,user_3,watch_now,tableau,2025-10-04
1760328005000,40d954d,4a0dd10,user_9,watch_now,salescloud,2025-10-13
1760521292000,3ded12e,dc66929,user_5,view_details,servicecloud,2025-10-15
1761833134000,ced0cf6,2141425,user_5,purchase,servicecloud,2025-10-30
1761431686000,f8d859f,7386ea4,user_9,checkout,slack,2025-10-25
1760323704000,5c01ef8,f08156a,user_3,purchase,tableau,2025-10-13
1759828647000,34b7abe,f08156a,user_9,watch_now,tableau,2025-10-07
1761514900000,cf35c36,f08156a,user_6,purchase,manufacturingcloud,2025-10-26
1760202115000,73bd00c,f08156a,user_6,view_details,tableau,2025-10-11
1761752076000,84d321d,a98e290,user_2,purchase,mulesoft,2025-10-29
1761562021000,20aabd8,dc66929,user_7,watch_now,healthcloud,2025-10-27
1761160729000,6363406,dc66929,user_4,watch_now,datacloud,2025-10-22
1761593674000,d85f9cb,f08156a,user_6,details_page,servicecloud,2025-10-27
1760737837000,2bc7a61,2141425,user_4,details_page,datacloud,2025-10-17
1760742770000,e3aa524,fa7ca22,user_2,purchase,slack,2025-10-17
1761305095000,3140fdb,a98e290,user_7,view_details,salescloud,2025-10-24
1761847627000,9eae01a,fa7ca22,user_4,view_details,datacloud,2025-10-30
1759343753000,e817e3a,2fcec77,user_1,purchase,mulesoft,2025-10-01
1761682667000,854b996,2141425,user_9,watch_now,tableau,2025-10-28
1760067697000,1304ed2,2141425,user_5,view_details,mulesoft,2025-10-10
1760990896000,7c85abf,dc66929,user_7,watch_now,mulesoft,2025-10-20
1761027601000,c3ddf01,ec64d4b,user_3,watch_now,servicecloud,2025-10-21
1761845231000,765d314,4a0dd10,user_4,purchase,healthcloud,2025-10-30
1760751918000,9ecea1d,ec64d4b,user_9,details_page,manufacturingcloud,2025-10-18
1761177654000,a7a4bdf,fa7ca22,user_2,checkout,healthcloud,2025-10-23
1761841040000,8ad58ae,fa7ca22,user_4,view_details,datacloud,2025-10-30
1760575961000,7f27cf6,f08156a,user_1,details_page,tableau,2025-10-16
1761335740000,a1913bd,5a17c0a,user_10,purchase,salescloud,2025-10-24
1760247080000,e80a769,dc66929,user_7,watch_now,mulesoft,2025-10-12
1760796805000,d13b6d8,a98e290,user_4,view_details,mulesoft,2025-10-18
1761208826000,ff23d01,a98e290,user_1,details_page,mulesoft,2025-10-23
1760537235000,9d06ddc,4a0dd10,user_1,checkout,tableau,2025-10-15
1761608277000,56c881d,ec64d4b,user_9,details_page,tableau,2025-10-27
1761446096000,01e2f4a,5a17c0a,user_1,watch_now,mulesoft,2025-10-26
1759586232000,1b53a78,f08156a,user_6,view_details,manufacturingcloud,2025-10-04
1760967284000,ef880bc,2fcec77,user_7,watch_now,tableau,2025-10-20
1761863327000,4af8896,7386ea4,user_5,details_page,slack,2025-10-30
1760970488000,b743511,2141425,user_5,details_page,healthcloud,2025-10-20
1761375321000,7c4d353,2fcec77,user_1,watch_now,healthcloud,2025-10-25
1761799218000,2b0a44d,4a0dd10,user_4,purchase,datacloud,2025-10-30
1761841909000,fe9719d,dc66929,user_8,checkout,salescloud,2025-10-30
1760032973000,c340099,4a0dd10,user_1,details_page,servicecloud,2025-10-09
1759773868000,ab9b4cc,2141425,user_7,details_page,slack,2025-10-06
1760316499000,aa0fba0,5a17c0a,user_4,purchase,salescloud,2025-10-13
1760801818000,ebc3ba7,2141425,user_6,purchase,servicecloud,2025-10-18
1761089114000,2f2f08e,2fcec77,user_3,purchase,marketingcloud,2025-10-21
1759357025000,c4394a0,ec64d4b,user_2,checkout,marketingcloud,2025-10-01
1759767163000,0bdff09,2141425,user_2,checkout,salescloud,2025-10-06
1761439750000,88467cf,4a0dd10,user_6,view_details,salescloud,2025-10-26
1761351987000,bfc81bc,4a0dd10,user_1,details_page,datacloud,2025-10-25
1759492731000,ca229f7,ec64d4b,user_6,purchase,mulesoft,2025-10-03
1761181471000,f08b659,5a17c0a,user_7,details_page,servicecloud,2025-10-23
1761642114000,bd4095e,4a0dd10,user_7,details_page,datacloud,2025-10-28
1759932811000,ad00e42,a98e290,user_4,view_details,healthcloud,2025-10-08
1761690374000,7a67baf,f08156a,user_4,checkout,mulesoft,2025-10-28
1760761984000,f087b1d,dc66929,user_5,checkout,tableau,2025-10-18
1759548728000,e3de5de,2141425,user_4,view_details,manufacturingcloud,2025-10-04
1761194730000,ae75552,dc66929,user_8,checkout,servicecloud,2025-10-23
1760461919000,26673ee,2141425,user_4,purchase,salescloud,2025-10-14
